"Bin","mag","ko","gene","SI042_rpkm","SI048_rpkm","SI072_rpkm","SI073_rpkm","SI074_rpkm","SI075_rpkm","total","Marker lineage","Completeness","Contamination","Domain","Phylum","Class","Order","Family","Genus"
"1","SaanichInlet_200m.107","EBFFFBAL","K02575","NRT",0,0,0.130772,0.142227,0,0,0.272999,"k__Bacteria (UID1452)",92.73,6.36,"d__Bacteria","p__Chloroflexota","c__Anaerolineae","o__Anaerolineales","f__","g__"
"2","SaanichInlet_200m.107","EBFFFBAL","K00926","arcC",0,0,0.0509788,0,0,0.264049,0.3150278,"k__Bacteria (UID1452)",92.73,6.36,"d__Bacteria","p__Chloroflexota","c__Anaerolineae","o__Anaerolineales","f__","g__"
"3","SaanichInlet_200m.107","EBFFFBAL","K02045","cysA",0,0,0,0,0,0,0,"k__Bacteria (UID1452)",92.73,6.36,"d__Bacteria","p__Chloroflexota","c__Anaerolineae","o__Anaerolineales","f__","g__"
"4","SaanichInlet_200m.107","EBFFFBAL","K17218","sqr",0,0,0,0,0,0.100916,0.100916,"k__Bacteria (UID1452)",92.73,6.36,"d__Bacteria","p__Chloroflexota","c__Anaerolineae","o__Anaerolineales","f__","g__"
"5","SaanichInlet_200m.107","EBFFFBAL","K01739","metB",0,0,0,0,0,0,0,"k__Bacteria (UID1452)",92.73,6.36,"d__Bacteria","p__Chloroflexota","c__Anaerolineae","o__Anaerolineales","f__","g__"
"6","SaanichInlet_200m.107","EBFFFBAL","K01739","metB",0,0,0,0,0,0,0,"k__Bacteria (UID1452)",92.73,6.36,"d__Bacteria","p__Chloroflexota","c__Anaerolineae","o__Anaerolineales","f__","g__"
"7","SaanichInlet_200m.107","EBFFFBAL","K01915","glnA",0,0,0.1075,0.259814,0,0,0.367314,"k__Bacteria (UID1452)",92.73,6.36,"d__Bacteria","p__Chloroflexota","c__Anaerolineae","o__Anaerolineales","f__","g__"
"8","SaanichInlet_200m.107","EBFFFBAL","K01011","TST",0,0,0.028275,0.0820047,0,0,0.1102797,"k__Bacteria (UID1452)",92.73,6.36,"d__Bacteria","p__Chloroflexota","c__Anaerolineae","o__Anaerolineales","f__","g__"
"9","SaanichInlet_200m.107","EBFFFBAL","K00370","narG",0,0,0,0.423412,0,0,0.423412,"k__Bacteria (UID1452)",92.73,6.36,"d__Bacteria","p__Chloroflexota","c__Anaerolineae","o__Anaerolineales","f__","g__"
"10","SaanichInlet_200m.107","EBFFFBAL","K13811","PAPSS",0,0,0.361533,0,0,0,0.361533,"k__Bacteria (UID1452)",92.73,6.36,"d__Bacteria","p__Chloroflexota","c__Anaerolineae","o__Anaerolineales","f__","g__"
"11","SaanichInlet_200m.109","AJGJENBJ","K00261","GLUD1",0,0,0,0,0,0,0,"k__Bacteria (UID1453)",70.09,0,"d__Bacteria","p__Patescibacteria","c__Gracilibacteria","o__","f__","g__"
"12","SaanichInlet_200m.109","AJGJENBJ","K06881","nrnA",0,0,0,0,0,0,0,"k__Bacteria (UID1453)",70.09,0,"d__Bacteria","p__Patescibacteria","c__Gracilibacteria","o__","f__","g__"
"13","SaanichInlet_200m.109","AJGJENBJ","K01915","glnA",0,0,0,0,0,0,0,"k__Bacteria (UID1453)",70.09,0,"d__Bacteria","p__Patescibacteria","c__Gracilibacteria","o__","f__","g__"
"14","SaanichInlet_200m.113","BAGANPJC","K15553","ssuA",0,0,0,0,0,0,0,"k__Archaea (UID2)",70.79,0,"d__Archaea","p__Nanoarchaeota","c__Woesearchaeia","o__Pacearchaeales","f__GW2011-AR1","g__"
"15","SaanichInlet_200m.113","BAGANPJC","K00459","ncd2",0,0,0,0,0,0,0,"k__Archaea (UID2)",70.79,0,"d__Archaea","p__Nanoarchaeota","c__Woesearchaeia","o__Pacearchaeales","f__GW2011-AR1","g__"
"16","SaanichInlet_200m.121","AALJDOEL","K00266","gltD",0,0,0.0343008,0,0,0.0296106,0.0639114,"k__Bacteria (UID2495)",86.52,0,"d__Bacteria","p__Elusimicrobiota","c__Elusimicrobia","o__Elusimicrobiales","f__","g__"
"17","SaanichInlet_200m.121","AALJDOEL","K06881","nrnA",0,0,0,0,0,0,0,"k__Bacteria (UID2495)",86.52,0,"d__Bacteria","p__Elusimicrobiota","c__Elusimicrobia","o__Elusimicrobiales","f__","g__"
"18","SaanichInlet_200m.121","AALJDOEL","K05601","hcp",0.343757,0,0.0585807,0,0,0,0.4023377,"k__Bacteria (UID2495)",86.52,0,"d__Bacteria","p__Elusimicrobiota","c__Elusimicrobia","o__Elusimicrobiales","f__","g__"
"19","SaanichInlet_200m.121","AALJDOEL","K00262","E1",0.210273,0,0.0537498,0.233832,0,0.0154668,0.5133216,"k__Bacteria (UID2495)",86.52,0,"d__Bacteria","p__Elusimicrobiota","c__Elusimicrobia","o__Elusimicrobiales","f__","g__"
"20","SaanichInlet_200m.124","MBEMIEPC","K00262","E1",0,0,0,1.337,2.27672,0.0936372,3.7073572,"c__Gammaproteobacteria (UID4443)",66.85,3.61,"d__Bacteria","p__Proteobacteria","c__Gammaproteobacteria","o__Pseudomonadales","f__HTCC2089","g__UBA9659"
"21","SaanichInlet_200m.124","MBEMIEPC","K17218","sqr",0,0,0,0.11274,0,0,0.11274,"c__Gammaproteobacteria (UID4443)",66.85,3.61,"d__Bacteria","p__Proteobacteria","c__Gammaproteobacteria","o__Pseudomonadales","f__HTCC2089","g__UBA9659"
"22","SaanichInlet_200m.124","MBEMIEPC","K17218","sqr",0,0,0,0,0,0,0,"c__Gammaproteobacteria (UID4443)",66.85,3.61,"d__Bacteria","p__Proteobacteria","c__Gammaproteobacteria","o__Pseudomonadales","f__HTCC2089","g__UBA9659"
"23","SaanichInlet_200m.124","MBEMIEPC","K00264","GLT1",0,0,0,0.36617,0.604052,0.0181651,0.9883871,"c__Gammaproteobacteria (UID4443)",66.85,3.61,"d__Bacteria","p__Proteobacteria","c__Gammaproteobacteria","o__Pseudomonadales","f__HTCC2089","g__UBA9659"
"24","SaanichInlet_200m.124","MBEMIEPC","K01011","TST",0,0,0,0,0,0,0,"c__Gammaproteobacteria (UID4443)",66.85,3.61,"d__Bacteria","p__Proteobacteria","c__Gammaproteobacteria","o__Pseudomonadales","f__HTCC2089","g__UBA9659"
"25","SaanichInlet_200m.124","MBEMIEPC","K01738","cysK",0,0,0,0.0739258,0,0,0.0739258,"c__Gammaproteobacteria (UID4443)",66.85,3.61,"d__Bacteria","p__Proteobacteria","c__Gammaproteobacteria","o__Pseudomonadales","f__HTCC2089","g__UBA9659"
"26","SaanichInlet_200m.124","MBEMIEPC","K10534","NR",0,0,0,0.0601603,0.960419,0,1.0205793,"c__Gammaproteobacteria (UID4443)",66.85,3.61,"d__Bacteria","p__Proteobacteria","c__Gammaproteobacteria","o__Pseudomonadales","f__HTCC2089","g__UBA9659"
"27","SaanichInlet_200m.124","MBEMIEPC","K00381","cysI",0,0,0,0.0846403,0,0,0.0846403,"c__Gammaproteobacteria (UID4443)",66.85,3.61,"d__Bacteria","p__Proteobacteria","c__Gammaproteobacteria","o__Pseudomonadales","f__HTCC2089","g__UBA9659"
"28","SaanichInlet_200m.124","MBEMIEPC","K03119","tauD",0,0,0,0,0,0,0,"c__Gammaproteobacteria (UID4443)",66.85,3.61,"d__Bacteria","p__Proteobacteria","c__Gammaproteobacteria","o__Pseudomonadales","f__HTCC2089","g__UBA9659"
"29","SaanichInlet_200m.126","BLEECCFP","K01915","glnA",0,0,0,0.148586,0,0,0.148586,"c__Alphaproteobacteria (UID3305)",77.79,2.83,"d__Bacteria","p__Proteobacteria","c__Alphaproteobacteria","o__","f__","g__"
"30","SaanichInlet_200m.126","BLEECCFP","K01915","glnA",0,0,0.0341547,0.198115,0,0,0.2322697,"c__Alphaproteobacteria (UID3305)",77.79,2.83,"d__Bacteria","p__Proteobacteria","c__Alphaproteobacteria","o__","f__","g__"
"31","SaanichInlet_200m.126","BLEECCFP","K15371","GDH2",0,0,0,0.100535,0,0,0.100535,"c__Alphaproteobacteria (UID3305)",77.79,2.83,"d__Bacteria","p__Proteobacteria","c__Alphaproteobacteria","o__","f__","g__"
"32","SaanichInlet_200m.126","BLEECCFP","K01673","cynT",0,0,0,0,0,0,0,"c__Alphaproteobacteria (UID3305)",77.79,2.83,"d__Bacteria","p__Proteobacteria","c__Alphaproteobacteria","o__","f__","g__"
"33","SaanichInlet_200m.129","DINFKPHP","K03385","nrfA",0,0,0,0.115234,0,0.0685992,0.1838332,"k__Bacteria (UID2570)",89.4,7.19,"d__Bacteria","p__Bacteroidota","c__","o__","f__","g__"
"34","SaanichInlet_200m.129","DINFKPHP","K00957","cysD",0,0,0.0266763,0,0,0,0.0266763,"k__Bacteria (UID2570)",89.4,7.19,"d__Bacteria","p__Bacteroidota","c__","o__","f__","g__"
"35","SaanichInlet_200m.129","DINFKPHP","K17218","sqr",0,0,0.039157,0.482653,0,0.59155,1.11336,"k__Bacteria (UID2570)",89.4,7.19,"d__Bacteria","p__Bacteroidota","c__","o__","f__","g__"
"36","SaanichInlet_200m.129","DINFKPHP","K00262","E1",0,0,0.629895,0.208784,0,0.916633,1.755312,"k__Bacteria (UID2570)",89.4,7.19,"d__Bacteria","p__Bacteroidota","c__","o__","f__","g__"
"37","SaanichInlet_200m.129","DINFKPHP","K01673","cynT",0,0,0.148074,0,0,0,0.148074,"k__Bacteria (UID2570)",89.4,7.19,"d__Bacteria","p__Bacteroidota","c__","o__","f__","g__"
"38","SaanichInlet_200m.129","DINFKPHP","K01082","cysQ",0,0,0,0,0,0,0,"k__Bacteria (UID2570)",89.4,7.19,"d__Bacteria","p__Bacteroidota","c__","o__","f__","g__"
"39","SaanichInlet_200m.129","DINFKPHP","K00390","cysH",0,0,0,0,0,0.029133,0.029133,"k__Bacteria (UID2570)",89.4,7.19,"d__Bacteria","p__Bacteroidota","c__","o__","f__","g__"
"40","SaanichInlet_200m.129","DINFKPHP","K06881","nrnA",0,0,0,0,0,0,0,"k__Bacteria (UID2570)",89.4,7.19,"d__Bacteria","p__Bacteroidota","c__","o__","f__","g__"
"41","SaanichInlet_200m.129","DINFKPHP","K00860","cysC",0,0,0.0854778,0.123954,0,0.0737899,0.2832217,"k__Bacteria (UID2570)",89.4,7.19,"d__Bacteria","p__Bacteroidota","c__","o__","f__","g__"
"42","SaanichInlet_200m.13","DENAEJCE","K00860","cysC",0,0,0,0,0,0,0,"k__Bacteria (UID2569)",81.24,2.15,"d__Bacteria","p__Bacteroidota","c__Bacteroidia","o__Bacteroidales","f__Prolixibacteraceae","g__"
"43","SaanichInlet_200m.13","DENAEJCE","K00955","cysNC",0,0,0,0,0,0,0,"k__Bacteria (UID2569)",81.24,2.15,"d__Bacteria","p__Bacteroidota","c__Bacteroidia","o__Bacteroidales","f__Prolixibacteraceae","g__"
"44","SaanichInlet_200m.13","DENAEJCE","K00651","metA",0,0,0,0,0,0,0,"k__Bacteria (UID2569)",81.24,2.15,"d__Bacteria","p__Bacteroidota","c__Bacteroidia","o__Bacteroidales","f__Prolixibacteraceae","g__"
"45","SaanichInlet_200m.13","DENAEJCE","K17218","sqr",0,0,0,0,0,0,0,"k__Bacteria (UID2569)",81.24,2.15,"d__Bacteria","p__Bacteroidota","c__Bacteroidia","o__Bacteroidales","f__Prolixibacteraceae","g__"
"46","SaanichInlet_200m.13","DENAEJCE","K00459","ncd2",0,0,0.0447249,0,0,0,0.0447249,"k__Bacteria (UID2569)",81.24,2.15,"d__Bacteria","p__Bacteroidota","c__Bacteroidia","o__Bacteroidales","f__Prolixibacteraceae","g__"
"47","SaanichInlet_200m.13","DENAEJCE","K00395","aprB",0,0,0,0,0,0,0,"k__Bacteria (UID2569)",81.24,2.15,"d__Bacteria","p__Bacteroidota","c__Bacteroidia","o__Bacteroidales","f__Prolixibacteraceae","g__"
"48","SaanichInlet_200m.13","DENAEJCE","K01738","cysK",0,0,0,0,0,0,0,"k__Bacteria (UID2569)",81.24,2.15,"d__Bacteria","p__Bacteroidota","c__Bacteroidia","o__Bacteroidales","f__Prolixibacteraceae","g__"
"49","SaanichInlet_200m.13","DENAEJCE","K00390","cysH",0,0,0,0,0,0,0,"k__Bacteria (UID2569)",81.24,2.15,"d__Bacteria","p__Bacteroidota","c__Bacteroidia","o__Bacteroidales","f__Prolixibacteraceae","g__"
"50","SaanichInlet_200m.13","DENAEJCE","K08352","phsA",0,0,0.835635,0,0,2.53405,3.369685,"k__Bacteria (UID2569)",81.24,2.15,"d__Bacteria","p__Bacteroidota","c__Bacteroidia","o__Bacteroidales","f__Prolixibacteraceae","g__"
"51","SaanichInlet_200m.13","DENAEJCE","K17069","MET17",0,0,0.03699,0,0,0,0.03699,"k__Bacteria (UID2569)",81.24,2.15,"d__Bacteria","p__Bacteroidota","c__Bacteroidia","o__Bacteroidales","f__Prolixibacteraceae","g__"
"52","SaanichInlet_200m.13","DENAEJCE","K03385","nrfA",0,0,0,0,0,0,0,"k__Bacteria (UID2569)",81.24,2.15,"d__Bacteria","p__Bacteroidota","c__Bacteroidia","o__Bacteroidales","f__Prolixibacteraceae","g__"
"53","SaanichInlet_200m.13","DENAEJCE","K00394","aprA",0,0,0.0510329,0,0,0,0.0510329,"k__Bacteria (UID2569)",81.24,2.15,"d__Bacteria","p__Bacteroidota","c__Bacteroidia","o__Bacteroidales","f__Prolixibacteraceae","g__"
"54","SaanichInlet_200m.133","NGPLKGKP","K00260","gudB",0,0,0,0,0,0,0,"k__Bacteria (UID1452)",69.31,0,"d__Bacteria","p__Patescibacteria","c__ABY1","o__Komeilibacterales","f__GWA2-36-10","g__"
"55","SaanichInlet_200m.133","NGPLKGKP","K00459","ncd2",0,0,0,0,0,0,0,"k__Bacteria (UID1452)",69.31,0,"d__Bacteria","p__Patescibacteria","c__ABY1","o__Komeilibacterales","f__GWA2-36-10","g__"
"56","SaanichInlet_200m.134","ALJPOFII","K01673","cynT",0.947639,0,2.62421,21.0763,4.03763,15.9623,44.648079,"k__Bacteria (UID203)",62.99,1.79,"d__Bacteria","p__Proteobacteria","c__Gammaproteobacteria","o__Thiomicrospirales","f__Thioglobaceae","g__"
"57","SaanichInlet_200m.134","ALJPOFII","K11181","dsrB",1.31592,0.0535461,68.7326,1158.53,58.2689,1439.68,2726.5809661,"k__Bacteria (UID203)",62.99,1.79,"d__Bacteria","p__Proteobacteria","c__Gammaproteobacteria","o__Thiomicrospirales","f__Thioglobaceae","g__"
"58","SaanichInlet_200m.134","ALJPOFII","K01915","glnA",0.399147,0,21.6133,245.706,19.2741,594.603,881.595547,"k__Bacteria (UID203)",62.99,1.79,"d__Bacteria","p__Proteobacteria","c__Gammaproteobacteria","o__Thiomicrospirales","f__Thioglobaceae","g__"
"59","SaanichInlet_200m.134","ALJPOFII","K01673","cynT",0,0,0.367048,6.26891,0,3.97834,10.614298,"k__Bacteria (UID203)",62.99,1.79,"d__Bacteria","p__Proteobacteria","c__Gammaproteobacteria","o__Thiomicrospirales","f__Thioglobaceae","g__"
"60","SaanichInlet_200m.134","ALJPOFII","K02568","napB",6.56736,0,25.2211,1518.31,0,65.0759,1615.17436,"k__Bacteria (UID203)",62.99,1.79,"d__Bacteria","p__Proteobacteria","c__Gammaproteobacteria","o__Thiomicrospirales","f__Thioglobaceae","g__"
"61","SaanichInlet_200m.134","ALJPOFII","K00640","cysE",1.61832,0,11.5829,38.2923,13.4073,122.756,187.65682,"k__Bacteria (UID203)",62.99,1.79,"d__Bacteria","p__Proteobacteria","c__Gammaproteobacteria","o__Thiomicrospirales","f__Thioglobaceae","g__"
"62","SaanichInlet_200m.134","ALJPOFII","K00371","narH",5.64793,0.148271,241.986,291.705,0.0575012,230.286,769.8307022,"k__Bacteria (UID203)",62.99,1.79,"d__Bacteria","p__Proteobacteria","c__Gammaproteobacteria","o__Thiomicrospirales","f__Thioglobaceae","g__"
"63","SaanichInlet_200m.134","ALJPOFII","K00376","nosZ",1.76866,0,38.0647,149.497,0,6.98177,196.31213,"k__Bacteria (UID203)",62.99,1.79,"d__Bacteria","p__Proteobacteria","c__Gammaproteobacteria","o__Thiomicrospirales","f__Thioglobaceae","g__"
"64","SaanichInlet_200m.134","ALJPOFII","K00374","narI",2.43796,0,203.887,66.372,0.961801,96.2977,369.956461,"k__Bacteria (UID203)",62.99,1.79,"d__Bacteria","p__Proteobacteria","c__Gammaproteobacteria","o__Thiomicrospirales","f__Thioglobaceae","g__"
"65","SaanichInlet_200m.134","ALJPOFII","K10764","metZ",0,0,6.43447,25.9522,3.71681,39.1504,75.25388,"k__Bacteria (UID203)",62.99,1.79,"d__Bacteria","p__Proteobacteria","c__Gammaproteobacteria","o__Thiomicrospirales","f__Thioglobaceae","g__"
"66","SaanichInlet_200m.134","ALJPOFII","K02567","napA",3.8867,0,11.4207,963.269,0.893722,56.3772,1035.847322,"k__Bacteria (UID203)",62.99,1.79,"d__Bacteria","p__Proteobacteria","c__Gammaproteobacteria","o__Thiomicrospirales","f__Thioglobaceae","g__"
"67","SaanichInlet_200m.134","ALJPOFII","K17218","sqr",1.09796,0,11.4884,187.706,31.4647,80.1315,311.88856,"k__Bacteria (UID203)",62.99,1.79,"d__Bacteria","p__Proteobacteria","c__Gammaproteobacteria","o__Thiomicrospirales","f__Thioglobaceae","g__"
"68","SaanichInlet_200m.134","ALJPOFII","K00265","gltB",0,0,5.87921,23.2672,2.25688,115.869,147.27229,"k__Bacteria (UID203)",62.99,1.79,"d__Bacteria","p__Proteobacteria","c__Gammaproteobacteria","o__Thiomicrospirales","f__Thioglobaceae","g__"
"69","SaanichInlet_200m.137","CONPBDEB","K01915","glnA",0,0,0,0.0716979,0.0610458,0,0.1327437,"k__Archaea (UID2)",89.48,4.88,"d__Archaea","p__Crenarchaeota","c__Nitrososphaeria","o__Nitrososphaerales","f__Nitrosopumilaceae","g__Nitrosopelagicus"
"70","SaanichInlet_200m.137","CONPBDEB","K01082","cysQ",0,0,0,0,0,0,0,"k__Archaea (UID2)",89.48,4.88,"d__Archaea","p__Crenarchaeota","c__Nitrososphaeria","o__Nitrososphaerales","f__Nitrosopumilaceae","g__Nitrosopelagicus"
"71","SaanichInlet_200m.137","CONPBDEB","K00366","nirA",0,0,0,0.309816,0,0.0345813,0.3443973,"k__Archaea (UID2)",89.48,4.88,"d__Archaea","p__Crenarchaeota","c__Nitrososphaeria","o__Nitrososphaerales","f__Nitrosopumilaceae","g__Nitrosopelagicus"
"72","SaanichInlet_200m.137","CONPBDEB","K00926","arcC",0,0,0,0.422093,0,0,0.422093,"k__Archaea (UID2)",89.48,4.88,"d__Archaea","p__Crenarchaeota","c__Nitrososphaeria","o__Nitrososphaerales","f__Nitrosopumilaceae","g__Nitrosopelagicus"
"73","SaanichInlet_200m.137","CONPBDEB","K00390","cysH",0,0,0,0.291179,0,0,0.291179,"k__Archaea (UID2)",89.48,4.88,"d__Archaea","p__Crenarchaeota","c__Nitrososphaeria","o__Nitrososphaerales","f__Nitrosopumilaceae","g__Nitrosopelagicus"
"74","SaanichInlet_200m.145","AOKKDOKI","K15864","nirS",0,0,0,0.234181,0,0.075066,0.309247,"c__Gammaproteobacteria (UID4267)",96.51,5.77,"d__Bacteria","p__Proteobacteria","c__Gammaproteobacteria","o__","f__","g__"
"75","SaanichInlet_200m.145","AOKKDOKI","K11180","dsrA",77.824,0,7.73629,0.702921,0.0718186,24.3538,110.6888296,"c__Gammaproteobacteria (UID4267)",96.51,5.77,"d__Bacteria","p__Proteobacteria","c__Gammaproteobacteria","o__","f__","g__"
"76","SaanichInlet_200m.145","AOKKDOKI","K00362","nirB",0.232234,0,0.0395757,0,0,0.0683284,0.3401381,"c__Gammaproteobacteria (UID4267)",96.51,5.77,"d__Bacteria","p__Proteobacteria","c__Gammaproteobacteria","o__","f__","g__"
"77","SaanichInlet_200m.145","AOKKDOKI","K11181","dsrB",25.792,0,8.72332,10.3736,4.36082,41.9309,91.18064,"c__Gammaproteobacteria (UID4267)",96.51,5.77,"d__Bacteria","p__Proteobacteria","c__Gammaproteobacteria","o__","f__","g__"
"78","SaanichInlet_200m.145","AOKKDOKI","K02305","norC",0,0,0.22177,0,0,1.34012,1.56189,"c__Gammaproteobacteria (UID4267)",96.51,5.77,"d__Bacteria","p__Proteobacteria","c__Gammaproteobacteria","o__","f__","g__"
"79","SaanichInlet_200m.145","AOKKDOKI","K02567","napA",1.1118,0,0.26525,0.206061,0,0.474318,2.057429,"c__Gammaproteobacteria (UID4267)",96.51,5.77,"d__Bacteria","p__Proteobacteria","c__Gammaproteobacteria","o__","f__","g__"
"80","SaanichInlet_200m.145","AOKKDOKI","K10764","metZ",1.19863,0,0,0.236964,0,0.123432,1.559026,"c__Gammaproteobacteria (UID4267)",96.51,5.77,"d__Bacteria","p__Proteobacteria","c__Gammaproteobacteria","o__","f__","g__"
"81","SaanichInlet_200m.145","AOKKDOKI","K02568","napB",0,0,0.109373,0,0,0.849757,0.95913,"c__Gammaproteobacteria (UID4267)",96.51,5.77,"d__Bacteria","p__Proteobacteria","c__Gammaproteobacteria","o__","f__","g__"
"82","SaanichInlet_200m.145","AOKKDOKI","K01011","TST",0,0,0,0,0,0,0,"c__Gammaproteobacteria (UID4267)",96.51,5.77,"d__Bacteria","p__Proteobacteria","c__Gammaproteobacteria","o__","f__","g__"
"83","SaanichInlet_200m.145","AOKKDOKI","K00394","aprA",17.2402,0.0289884,43.8992,16.1613,3.57497,117.683,198.5876584,"c__Gammaproteobacteria (UID4267)",96.51,5.77,"d__Bacteria","p__Proteobacteria","c__Gammaproteobacteria","o__","f__","g__"
"84","SaanichInlet_200m.145","AOKKDOKI","K00860","cysC",0,0,0,0,0,0.0697042,0.0697042,"c__Gammaproteobacteria (UID4267)",96.51,5.77,"d__Bacteria","p__Proteobacteria","c__Gammaproteobacteria","o__","f__","g__"
"85","SaanichInlet_200m.145","AOKKDOKI","K01915","glnA",2.59794,0,0.0110681,0.449404,0,1.70073,4.7591421,"c__Gammaproteobacteria (UID4267)",96.51,5.77,"d__Bacteria","p__Proteobacteria","c__Gammaproteobacteria","o__","f__","g__"
"86","SaanichInlet_200m.145","AOKKDOKI","K01739","metB",0,0,0,0,0,0,0,"c__Gammaproteobacteria (UID4267)",96.51,5.77,"d__Bacteria","p__Proteobacteria","c__Gammaproteobacteria","o__","f__","g__"
"87","SaanichInlet_200m.145","AOKKDOKI","K00363","nirD",0,0,0,0,0,0,0,"c__Gammaproteobacteria (UID4267)",96.51,5.77,"d__Bacteria","p__Proteobacteria","c__Gammaproteobacteria","o__","f__","g__"
"88","SaanichInlet_200m.145","AOKKDOKI","K15371","GDH2",0,0,0,0,0,0.0811664,0.0811664,"c__Gammaproteobacteria (UID4267)",96.51,5.77,"d__Bacteria","p__Proteobacteria","c__Gammaproteobacteria","o__","f__","g__"
"89","SaanichInlet_200m.145","AOKKDOKI","K17218","sqr",2.00459,0,0.128103,0.309609,0,0.258035,2.700337,"c__Gammaproteobacteria (UID4267)",96.51,5.77,"d__Bacteria","p__Proteobacteria","c__Gammaproteobacteria","o__","f__","g__"
"90","SaanichInlet_200m.145","AOKKDOKI","K17218","sqr",2.22185,0,0.113589,0.247079,0,2.18995,4.772468,"c__Gammaproteobacteria (UID4267)",96.51,5.77,"d__Bacteria","p__Proteobacteria","c__Gammaproteobacteria","o__","f__","g__"
"91","SaanichInlet_200m.145","AOKKDOKI","K00266","gltD",0,0,0.330977,2.71177,0,3.11435,6.157097,"c__Gammaproteobacteria (UID4267)",96.51,5.77,"d__Bacteria","p__Proteobacteria","c__Gammaproteobacteria","o__","f__","g__"
"92","SaanichInlet_200m.145","AOKKDOKI","K00860","cysC",0.860965,0,0,0,0,0,0.860965,"c__Gammaproteobacteria (UID4267)",96.51,5.77,"d__Bacteria","p__Proteobacteria","c__Gammaproteobacteria","o__","f__","g__"
"93","SaanichInlet_200m.145","AOKKDOKI","K01915","glnA",4.60974,0,0.426934,0.420994,0,1.10567,6.563338,"c__Gammaproteobacteria (UID4267)",96.51,5.77,"d__Bacteria","p__Proteobacteria","c__Gammaproteobacteria","o__","f__","g__"
"94","SaanichInlet_200m.145","AOKKDOKI","K01673","cynT",0,0,0,0,0,0,0,"c__Gammaproteobacteria (UID4267)",96.51,5.77,"d__Bacteria","p__Proteobacteria","c__Gammaproteobacteria","o__","f__","g__"
"95","SaanichInlet_200m.145","AOKKDOKI","K01673","cynT",5.14227,0,0,0,0,0.378243,5.520513,"c__Gammaproteobacteria (UID4267)",96.51,5.77,"d__Bacteria","p__Proteobacteria","c__Gammaproteobacteria","o__","f__","g__"
"96","SaanichInlet_200m.148","ALGMAPGN","K01082","cysQ",0,0,0,0,0,0,0,"k__Archaea (UID2)",76.64,0,"d__Archaea","p__Nanoarchaeota","c__Woesearchaeia","o__SCGC-AAA011-G17","f__","g__"
"97","SaanichInlet_200m.148","ALGMAPGN","K00956","cysN",0,0,0,0,0,0,0,"k__Archaea (UID2)",76.64,0,"d__Archaea","p__Nanoarchaeota","c__Woesearchaeia","o__SCGC-AAA011-G17","f__","g__"
"98","SaanichInlet_200m.148","ALGMAPGN","K00957","cysD",0,0,0,0,0,0,0,"k__Archaea (UID2)",76.64,0,"d__Archaea","p__Nanoarchaeota","c__Woesearchaeia","o__SCGC-AAA011-G17","f__","g__"
"99","SaanichInlet_200m.148","ALGMAPGN","K00860","cysC",0,0,0,0,0,0,0,"k__Archaea (UID2)",76.64,0,"d__Archaea","p__Nanoarchaeota","c__Woesearchaeia","o__SCGC-AAA011-G17","f__","g__"
"100","SaanichInlet_200m.154","HEFDNOOD","K00261","GLUD1",0,0,0,0,0,0,0,"k__Archaea (UID2)",82.71,0.93,"d__Archaea","p__Nanoarchaeota","c__Woesearchaeia","o__GW2011-AR9","f__GW2011-AR9","g__"
"101","SaanichInlet_200m.155","HNFLHAHB","K02575","NRT",0,0,0,0.568907,0,0,0.568907,"k__Bacteria (UID1452)",93.64,9.09,"d__Bacteria","p__Chloroflexota","c__Anaerolineae","o__Anaerolineales","f__","g__"
"102","SaanichInlet_200m.155","HNFLHAHB","K00926","arcC",3.88894,0,0.790172,3.88111,2.17152,1.12221,11.853952,"k__Bacteria (UID1452)",93.64,9.09,"d__Bacteria","p__Chloroflexota","c__Anaerolineae","o__Anaerolineales","f__","g__"
"103","SaanichInlet_200m.155","HNFLHAHB","K07307","dmsB",0.457693,0,0.0779968,0,0,0.0673318,0.6030216,"k__Bacteria (UID1452)",93.64,9.09,"d__Bacteria","p__Chloroflexota","c__Anaerolineae","o__Anaerolineales","f__","g__"
"104","SaanichInlet_200m.155","HNFLHAHB","K00371","narH",0,0,0,3.16999,0.206859,0.0826466,3.4594956,"k__Bacteria (UID1452)",93.64,9.09,"d__Bacteria","p__Chloroflexota","c__Anaerolineae","o__Anaerolineales","f__","g__"
"105","SaanichInlet_200m.155","HNFLHAHB","K00266","gltD",0.78498,0,0,0,0,1.67445,2.45943,"k__Bacteria (UID1452)",93.64,9.09,"d__Bacteria","p__Chloroflexota","c__Anaerolineae","o__Anaerolineales","f__","g__"
"106","SaanichInlet_200m.155","HNFLHAHB","K01082","cysQ",0,0,0.289323,0,0,0.124881,0.414204,"k__Bacteria (UID1452)",93.64,9.09,"d__Bacteria","p__Chloroflexota","c__Anaerolineae","o__Anaerolineales","f__","g__"
"107","SaanichInlet_200m.155","HNFLHAHB","K15552","tauC",0,0,0,0.187849,0,0,0.187849,"k__Bacteria (UID1452)",93.64,9.09,"d__Bacteria","p__Chloroflexota","c__Anaerolineae","o__Anaerolineales","f__","g__"
"108","SaanichInlet_200m.155","HNFLHAHB","K00370","narG",0.0781396,0,0,2.06616,0,0.0229904,2.16729,"k__Bacteria (UID1452)",93.64,9.09,"d__Bacteria","p__Chloroflexota","c__Anaerolineae","o__Anaerolineales","f__","g__"
"109","SaanichInlet_200m.155","HNFLHAHB","K00390","cysH",0.775815,0,0,0.14379,0,0,0.919605,"k__Bacteria (UID1452)",93.64,9.09,"d__Bacteria","p__Chloroflexota","c__Anaerolineae","o__Anaerolineales","f__","g__"
"110","SaanichInlet_200m.155","HNFLHAHB","K01915","glnA",0,0,0,0.443665,0,0.0310723,0.4747373,"k__Bacteria (UID1452)",93.64,9.09,"d__Bacteria","p__Chloroflexota","c__Anaerolineae","o__Anaerolineales","f__","g__"
"111","SaanichInlet_200m.155","HNFLHAHB","K00370","narG",0,0,0,2.81457,0,0,2.81457,"k__Bacteria (UID1452)",93.64,9.09,"d__Bacteria","p__Chloroflexota","c__Anaerolineae","o__Anaerolineales","f__","g__"
"112","SaanichInlet_200m.155","HNFLHAHB","K00926","arcC",0,0,0.101958,1.70029,0,0,1.802248,"k__Bacteria (UID1452)",93.64,9.09,"d__Bacteria","p__Chloroflexota","c__Anaerolineae","o__Anaerolineales","f__","g__"
"113","SaanichInlet_200m.155","HNFLHAHB","K07306","dmsA",0.748401,0,0.0425124,0.0308242,0,0.0550491,0.8767867,"k__Bacteria (UID1452)",93.64,9.09,"d__Bacteria","p__Chloroflexota","c__Anaerolineae","o__Anaerolineales","f__","g__"
"114","SaanichInlet_200m.155","HNFLHAHB","K00958","sat",0.329325,0,0.0561213,0.0610373,0,0.218014,0.6644976,"k__Bacteria (UID1452)",93.64,9.09,"d__Bacteria","p__Chloroflexota","c__Anaerolineae","o__Anaerolineales","f__","g__"
"115","SaanichInlet_200m.155","HNFLHAHB","K17218","sqr",0,0,0,0.310788,0,1.5642,1.874988,"k__Bacteria (UID1452)",93.64,9.09,"d__Bacteria","p__Chloroflexota","c__Anaerolineae","o__Anaerolineales","f__","g__"
"116","SaanichInlet_200m.166","EIMOJLGB","K00262","E1",0,0,0,0.31039,3.83199,0,4.14238,"k__Bacteria (UID203)",55.17,0,"d__Bacteria","p__Bacteroidota","c__Bacteroidia","o__Flavobacteriales","f__1G12","g__SHAN690"
"117","SaanichInlet_200m.169","DELNMIPL","K00641","metX",0,0,0,0.174175,0,0.0691243,0.2432993,"c__Gammaproteobacteria (UID4443)",93.7,2.04,"d__Bacteria","p__Proteobacteria","c__Gammaproteobacteria","o__Pseudomonadales","f__Pseudohongiellaceae","g__UBA9145"
"118","SaanichInlet_200m.169","DELNMIPL","K00459","ncd2",0,0,0,0.325427,0,0.0430505,0.3684775,"c__Gammaproteobacteria (UID4443)",93.7,2.04,"d__Bacteria","p__Proteobacteria","c__Gammaproteobacteria","o__Pseudomonadales","f__Pseudohongiellaceae","g__UBA9145"
"119","SaanichInlet_200m.169","DELNMIPL","K00957","cysD",0,0,0,0.845425,1.3742,0.228765,2.44839,"c__Gammaproteobacteria (UID4443)",93.7,2.04,"d__Bacteria","p__Proteobacteria","c__Gammaproteobacteria","o__Pseudomonadales","f__Pseudohongiellaceae","g__UBA9145"
"120","SaanichInlet_200m.169","DELNMIPL","K00381","cysI",0,0,0,0.505085,0,0,0.505085,"c__Gammaproteobacteria (UID4443)",93.7,2.04,"d__Bacteria","p__Proteobacteria","c__Gammaproteobacteria","o__Pseudomonadales","f__Pseudohongiellaceae","g__UBA9145"
"121","SaanichInlet_200m.169","DELNMIPL","K00641","metX",0,0,0,0.261262,0,0.103686,0.364948,"c__Gammaproteobacteria (UID4443)",93.7,2.04,"d__Bacteria","p__Proteobacteria","c__Gammaproteobacteria","o__Pseudomonadales","f__Pseudohongiellaceae","g__UBA9145"
"122","SaanichInlet_200m.169","DELNMIPL","K00459","ncd2",0,0,0,0.821432,0,0.297652,1.119084,"c__Gammaproteobacteria (UID4443)",93.7,2.04,"d__Bacteria","p__Proteobacteria","c__Gammaproteobacteria","o__Pseudomonadales","f__Pseudohongiellaceae","g__UBA9145"
"123","SaanichInlet_200m.169","DELNMIPL","K21310","mddA",0,0,0,0,0,0,0,"c__Gammaproteobacteria (UID4443)",93.7,2.04,"d__Bacteria","p__Proteobacteria","c__Gammaproteobacteria","o__Pseudomonadales","f__Pseudohongiellaceae","g__UBA9145"
"124","SaanichInlet_200m.169","DELNMIPL","K01738","cysK",0,0,0,0.320708,0,0.229101,0.549809,"c__Gammaproteobacteria (UID4443)",93.7,2.04,"d__Bacteria","p__Proteobacteria","c__Gammaproteobacteria","o__Pseudomonadales","f__Pseudohongiellaceae","g__UBA9145"
"125","SaanichInlet_200m.169","DELNMIPL","K00390","cysH",0,0,0,0.866309,0,0.0573016,0.9236106,"c__Gammaproteobacteria (UID4443)",93.7,2.04,"d__Bacteria","p__Proteobacteria","c__Gammaproteobacteria","o__Pseudomonadales","f__Pseudohongiellaceae","g__UBA9145"
"126","SaanichInlet_200m.169","DELNMIPL","K01082","cysQ",0,0,0,0.415888,0,0,0.415888,"c__Gammaproteobacteria (UID4443)",93.7,2.04,"d__Bacteria","p__Proteobacteria","c__Gammaproteobacteria","o__Pseudomonadales","f__Pseudohongiellaceae","g__UBA9145"
"127","SaanichInlet_200m.169","DELNMIPL","K01915","glnA",0,0,0,45.1577,4.57512,2.29659,52.02941,"c__Gammaproteobacteria (UID4443)",93.7,2.04,"d__Bacteria","p__Proteobacteria","c__Gammaproteobacteria","o__Pseudomonadales","f__Pseudohongiellaceae","g__UBA9145"
"128","SaanichInlet_200m.169","DELNMIPL","K00640","cysE",0,0,0,0.582296,0,0.426636,1.008932,"c__Gammaproteobacteria (UID4443)",93.7,2.04,"d__Bacteria","p__Proteobacteria","c__Gammaproteobacteria","o__Pseudomonadales","f__Pseudohongiellaceae","g__UBA9145"
"129","SaanichInlet_200m.169","DELNMIPL","K02439","glpE",0,0,0,0,0,0.382304,0.382304,"c__Gammaproteobacteria (UID4443)",93.7,2.04,"d__Bacteria","p__Proteobacteria","c__Gammaproteobacteria","o__Pseudomonadales","f__Pseudohongiellaceae","g__UBA9145"
"130","SaanichInlet_200m.169","DELNMIPL","K00264","GLT1",0,0,0.0475012,1.3547,0,0.109349,1.5115502,"c__Gammaproteobacteria (UID4443)",93.7,2.04,"d__Bacteria","p__Proteobacteria","c__Gammaproteobacteria","o__Pseudomonadales","f__Pseudohongiellaceae","g__UBA9145"
"131","SaanichInlet_200m.169","DELNMIPL","K17218","sqr",0,0,0,7.60778,0,4.51668,12.12446,"c__Gammaproteobacteria (UID4443)",93.7,2.04,"d__Bacteria","p__Proteobacteria","c__Gammaproteobacteria","o__Pseudomonadales","f__Pseudohongiellaceae","g__UBA9145"
"132","SaanichInlet_200m.169","DELNMIPL","K00955","cysNC",0,0,0,0.367101,0.656379,0,1.02348,"c__Gammaproteobacteria (UID4443)",93.7,2.04,"d__Bacteria","p__Proteobacteria","c__Gammaproteobacteria","o__Pseudomonadales","f__Pseudohongiellaceae","g__UBA9145"
"133","SaanichInlet_200m.169","DELNMIPL","K15371","GDH2",0,0,0,0.315969,0,0.055574,0.371543,"c__Gammaproteobacteria (UID4443)",93.7,2.04,"d__Bacteria","p__Proteobacteria","c__Gammaproteobacteria","o__Pseudomonadales","f__Pseudohongiellaceae","g__UBA9145"
"134","SaanichInlet_200m.169","DELNMIPL","K02575","NRT",0,0,0,1.70396,0,0.348216,2.052176,"c__Gammaproteobacteria (UID4443)",93.7,2.04,"d__Bacteria","p__Proteobacteria","c__Gammaproteobacteria","o__Pseudomonadales","f__Pseudohongiellaceae","g__UBA9145"
"135","SaanichInlet_200m.174","BNDOGDGL","K01915","glnA",0,0,0,0,0,0,0,"k__Archaea (UID2)",71.89,0.93,"d__Archaea","p__Nanoarchaeota","c__Woesearchaeia","o__SCGC-AAA011-G17","f__","g__"
"136","SaanichInlet_200m.179","JBJPIOEK","K00860","cysC",0,0,0,0.388316,0,0,0.388316,"c__Gammaproteobacteria (UID4274)",99.1,6.62,"d__Bacteria","p__Proteobacteria","c__Gammaproteobacteria","o__Methylococcales","f__Methylomonadaceae","g__Methyloprofundus"
"137","SaanichInlet_200m.179","JBJPIOEK","K01673","cynT",0,0,0,0.0947321,1.77447,0,1.8692021,"c__Gammaproteobacteria (UID4274)",99.1,6.62,"d__Bacteria","p__Proteobacteria","c__Gammaproteobacteria","o__Methylococcales","f__Methylomonadaceae","g__Methyloprofundus"
"138","SaanichInlet_200m.179","JBJPIOEK","K17218","sqr",0,0,0,1.32715,0.353118,0.0822973,1.7625653,"c__Gammaproteobacteria (UID4274)",99.1,6.62,"d__Bacteria","p__Proteobacteria","c__Gammaproteobacteria","o__Methylococcales","f__Methylomonadaceae","g__Methyloprofundus"
"139","SaanichInlet_200m.179","JBJPIOEK","K02575","NRT",0,0,0,0,0,0,0,"c__Gammaproteobacteria (UID4274)",99.1,6.62,"d__Bacteria","p__Proteobacteria","c__Gammaproteobacteria","o__Methylococcales","f__Methylomonadaceae","g__Methyloprofundus"
"140","SaanichInlet_200m.179","JBJPIOEK","K02575","NRT",0,0,0,0.724143,0,0,0.724143,"c__Gammaproteobacteria (UID4274)",99.1,6.62,"d__Bacteria","p__Proteobacteria","c__Gammaproteobacteria","o__Methylococcales","f__Methylomonadaceae","g__Methyloprofundus"
"141","SaanichInlet_200m.179","JBJPIOEK","K01673","cynT",0,0,0,0.801523,0,0,0.801523,"c__Gammaproteobacteria (UID4274)",99.1,6.62,"d__Bacteria","p__Proteobacteria","c__Gammaproteobacteria","o__Methylococcales","f__Methylomonadaceae","g__Methyloprofundus"
"142","SaanichInlet_200m.179","JBJPIOEK","K00370","narG",0,0,0.210622,4.72027,0,1.07992,6.010812,"c__Gammaproteobacteria (UID4274)",99.1,6.62,"d__Bacteria","p__Proteobacteria","c__Gammaproteobacteria","o__Methylococcales","f__Methylomonadaceae","g__Methyloprofundus"
"143","SaanichInlet_200m.179","JBJPIOEK","K00380","cysJ",0,0,0,0,0,0,0,"c__Gammaproteobacteria (UID4274)",99.1,6.62,"d__Bacteria","p__Proteobacteria","c__Gammaproteobacteria","o__Methylococcales","f__Methylomonadaceae","g__Methyloprofundus"
"144","SaanichInlet_200m.179","JBJPIOEK","K00372","nasA",0,0,0,0.0261763,0,0,0.0261763,"c__Gammaproteobacteria (UID4274)",99.1,6.62,"d__Bacteria","p__Proteobacteria","c__Gammaproteobacteria","o__Methylococcales","f__Methylomonadaceae","g__Methyloprofundus"
"145","SaanichInlet_200m.179","JBJPIOEK","K01915","glnA",0,0,2.03221,4.28423,3.98509,2.84526,13.14679,"c__Gammaproteobacteria (UID4274)",99.1,6.62,"d__Bacteria","p__Proteobacteria","c__Gammaproteobacteria","o__Methylococcales","f__Methylomonadaceae","g__Methyloprofundus"
"146","SaanichInlet_200m.179","JBJPIOEK","K00362","nirB",0,0,0,0,0,0,0,"c__Gammaproteobacteria (UID4274)",99.1,6.62,"d__Bacteria","p__Proteobacteria","c__Gammaproteobacteria","o__Methylococcales","f__Methylomonadaceae","g__Methyloprofundus"
"147","SaanichInlet_200m.179","JBJPIOEK","K00387","SUOX",0,0,0,0,0,0,0,"c__Gammaproteobacteria (UID4274)",99.1,6.62,"d__Bacteria","p__Proteobacteria","c__Gammaproteobacteria","o__Methylococcales","f__Methylomonadaceae","g__Methyloprofundus"
"148","SaanichInlet_200m.179","JBJPIOEK","K00957","cysD",0,0,1.2985,0.922282,0,1.25821,3.478992,"c__Gammaproteobacteria (UID4274)",99.1,6.62,"d__Bacteria","p__Proteobacteria","c__Gammaproteobacteria","o__Methylococcales","f__Methylomonadaceae","g__Methyloprofundus"
"149","SaanichInlet_200m.179","JBJPIOEK","K00390","cysH",0,0,0,0.0493536,0,0,0.0493536,"c__Gammaproteobacteria (UID4274)",99.1,6.62,"d__Bacteria","p__Proteobacteria","c__Gammaproteobacteria","o__Methylococcales","f__Methylomonadaceae","g__Methyloprofundus"
"150","SaanichInlet_200m.179","JBJPIOEK","K10764","metZ",0,0,0,0.411543,0,0,0.411543,"c__Gammaproteobacteria (UID4274)",99.1,6.62,"d__Bacteria","p__Proteobacteria","c__Gammaproteobacteria","o__Methylococcales","f__Methylomonadaceae","g__Methyloprofundus"
"151","SaanichInlet_200m.179","JBJPIOEK","K00860","cysC",0,0,0,0.277369,0,0,0.277369,"c__Gammaproteobacteria (UID4274)",99.1,6.62,"d__Bacteria","p__Proteobacteria","c__Gammaproteobacteria","o__Methylococcales","f__Methylomonadaceae","g__Methyloprofundus"
"152","SaanichInlet_200m.179","JBJPIOEK","K00363","nirD",0,0,0,0,0,0,0,"c__Gammaproteobacteria (UID4274)",99.1,6.62,"d__Bacteria","p__Proteobacteria","c__Gammaproteobacteria","o__Methylococcales","f__Methylomonadaceae","g__Methyloprofundus"
"153","SaanichInlet_200m.179","JBJPIOEK","K00387","SUOX",0,0,0,0,0,0,0,"c__Gammaproteobacteria (UID4274)",99.1,6.62,"d__Bacteria","p__Proteobacteria","c__Gammaproteobacteria","o__Methylococcales","f__Methylomonadaceae","g__Methyloprofundus"
"154","SaanichInlet_200m.179","JBJPIOEK","K00956","cysN",0,0,0.0739005,0,0,0,0.0739005,"c__Gammaproteobacteria (UID4274)",99.1,6.62,"d__Bacteria","p__Proteobacteria","c__Gammaproteobacteria","o__Methylococcales","f__Methylomonadaceae","g__Methyloprofundus"
"155","SaanichInlet_200m.179","JBJPIOEK","K00371","narH",0.179756,0,1.40911,5.88583,0,7.76135,15.236046,"c__Gammaproteobacteria (UID4274)",99.1,6.62,"d__Bacteria","p__Proteobacteria","c__Gammaproteobacteria","o__Methylococcales","f__Methylomonadaceae","g__Methyloprofundus"
"156","SaanichInlet_200m.179","JBJPIOEK","K00374","narI",0,0,0,0.70288,0,0,0.70288,"c__Gammaproteobacteria (UID4274)",99.1,6.62,"d__Bacteria","p__Proteobacteria","c__Gammaproteobacteria","o__Methylococcales","f__Methylomonadaceae","g__Methyloprofundus"
"157","SaanichInlet_200m.179","JBJPIOEK","K01673","cynT",0,0,0.0726949,2.26646,0,0,2.3391549,"c__Gammaproteobacteria (UID4274)",99.1,6.62,"d__Bacteria","p__Proteobacteria","c__Gammaproteobacteria","o__Methylococcales","f__Methylomonadaceae","g__Methyloprofundus"
"158","SaanichInlet_200m.179","JBJPIOEK","K17226","soxY",0,0,0,0,0,0,0,"c__Gammaproteobacteria (UID4274)",99.1,6.62,"d__Bacteria","p__Proteobacteria","c__Gammaproteobacteria","o__Methylococcales","f__Methylomonadaceae","g__Methyloprofundus"
"159","SaanichInlet_200m.179","JBJPIOEK","K17725","ETHE1",0,0,0.04411,0.319826,0,0.152314,0.51625,"c__Gammaproteobacteria (UID4274)",99.1,6.62,"d__Bacteria","p__Proteobacteria","c__Gammaproteobacteria","o__Methylococcales","f__Methylomonadaceae","g__Methyloprofundus"
"160","SaanichInlet_200m.179","JBJPIOEK","K17227","soxZ",0,0,0,0,0,0,0,"c__Gammaproteobacteria (UID4274)",99.1,6.62,"d__Bacteria","p__Proteobacteria","c__Gammaproteobacteria","o__Methylococcales","f__Methylomonadaceae","g__Methyloprofundus"
"161","SaanichInlet_200m.179","JBJPIOEK","K00640","cysE",0,0,0,0.469623,0,0.0279567,0.4975797,"c__Gammaproteobacteria (UID4274)",99.1,6.62,"d__Bacteria","p__Proteobacteria","c__Gammaproteobacteria","o__Methylococcales","f__Methylomonadaceae","g__Methyloprofundus"
"162","SaanichInlet_200m.185","JFKODBBF","K00262","E1",0,0,0,0.155888,3.78275,0,3.938638,"c__Betaproteobacteria (UID3959)",59.84,2.2,"d__Bacteria","p__Proteobacteria","c__Gammaproteobacteria","o__Betaproteobacteriales","f__Nitrosomonadaceae","g__"
"163","SaanichInlet_200m.185","JFKODBBF","K00390","cysH",0,0,0,0,0,0,0,"c__Betaproteobacteria (UID3959)",59.84,2.2,"d__Bacteria","p__Proteobacteria","c__Gammaproteobacteria","o__Betaproteobacteriales","f__Nitrosomonadaceae","g__"
"164","SaanichInlet_200m.185","JFKODBBF","K00956","cysN",0,0,0,0,0,0.0323801,0.0323801,"c__Betaproteobacteria (UID3959)",59.84,2.2,"d__Bacteria","p__Proteobacteria","c__Gammaproteobacteria","o__Betaproteobacteriales","f__Nitrosomonadaceae","g__"
"165","SaanichInlet_200m.185","JFKODBBF","K00957","cysD",0,0,0,0,0,0,0,"c__Betaproteobacteria (UID3959)",59.84,2.2,"d__Bacteria","p__Proteobacteria","c__Gammaproteobacteria","o__Betaproteobacteriales","f__Nitrosomonadaceae","g__"
"166","SaanichInlet_200m.185","JFKODBBF","K01673","cynT",0,0,0,0,6.18138,0,6.18138,"c__Betaproteobacteria (UID3959)",59.84,2.2,"d__Bacteria","p__Proteobacteria","c__Gammaproteobacteria","o__Betaproteobacteriales","f__Nitrosomonadaceae","g__"
"167","SaanichInlet_200m.186","CLPDDJPE","K00958","sat",0,0,0.113433,1.80942,2.9674,0.171365,5.061618,"k__Bacteria (UID2495)",67.03,0,"d__Bacteria","p__Marinisomatota","c__Marinisomatia","o__Marinisomatales","f__UBA8229","g__"
"168","SaanichInlet_200m.186","CLPDDJPE","K01915","glnA",0,0,0.262061,6.39129,3.5739,1.43963,11.666881,"k__Bacteria (UID2495)",67.03,0,"d__Bacteria","p__Marinisomatota","c__Marinisomatia","o__Marinisomatales","f__UBA8229","g__"
"169","SaanichInlet_200m.186","CLPDDJPE","K00262","E1",0.211217,0,2.75354,14.3017,6.26621,8.90222,32.434887,"k__Bacteria (UID2495)",67.03,0,"d__Bacteria","p__Marinisomatota","c__Marinisomatia","o__Marinisomatales","f__UBA8229","g__"
"170","SaanichInlet_200m.186","CLPDDJPE","K01739","metB",0,0,0.0421401,1.86381,0,0.109134,2.0150841,"k__Bacteria (UID2495)",67.03,0,"d__Bacteria","p__Marinisomatota","c__Marinisomatia","o__Marinisomatales","f__UBA8229","g__"
"171","SaanichInlet_200m.186","CLPDDJPE","K00370","narG",0,0,0.582039,14.1279,2.78062,0.656614,18.147173,"k__Bacteria (UID2495)",67.03,0,"d__Bacteria","p__Marinisomatota","c__Marinisomatia","o__Marinisomatales","f__UBA8229","g__"
"172","SaanichInlet_200m.186","CLPDDJPE","K01739","metB",0,0,0.201187,0.350097,0,0,0.551284,"k__Bacteria (UID2495)",67.03,0,"d__Bacteria","p__Marinisomatota","c__Marinisomatia","o__Marinisomatales","f__UBA8229","g__"
"173","SaanichInlet_200m.186","CLPDDJPE","K08352","phsA",0,0,0.65526,4.61086,0.278522,1.11278,6.657422,"k__Bacteria (UID2495)",67.03,0,"d__Bacteria","p__Marinisomatota","c__Marinisomatia","o__Marinisomatales","f__UBA8229","g__"
"174","SaanichInlet_200m.201","EGJPDJIN","K00926","arcC",0.562543,0,0.718984,0,0,0.165513,1.44704,"k__Archaea (UID2)",90.19,3.74,"d__Archaea","p__Crenarchaeota","c__Bathyarchaeia","o__TCS64","f__TCS64","g__"
"175","SaanichInlet_200m.201","EGJPDJIN","K00958","sat",1.47981,0,0.714505,0,0,0.417251,2.611566,"k__Archaea (UID2)",90.19,3.74,"d__Archaea","p__Crenarchaeota","c__Bathyarchaeia","o__TCS64","f__TCS64","g__"
"176","SaanichInlet_200m.201","EGJPDJIN","K17996","hydB",3.30611,0,3.14567,0,0,1.17538,7.62716,"k__Archaea (UID2)",90.19,3.74,"d__Archaea","p__Crenarchaeota","c__Bathyarchaeia","o__TCS64","f__TCS64","g__"
"177","SaanichInlet_200m.201","EGJPDJIN","K05601","hcp",0,0,0.0296148,0.193253,0,0,0.2228678,"k__Archaea (UID2)",90.19,3.74,"d__Archaea","p__Crenarchaeota","c__Bathyarchaeia","o__TCS64","f__TCS64","g__"
"178","SaanichInlet_200m.201","EGJPDJIN","K01915","glnA",2.65641,0,0.69644,0,0,0.240484,3.593334,"k__Archaea (UID2)",90.19,3.74,"d__Archaea","p__Crenarchaeota","c__Bathyarchaeia","o__TCS64","f__TCS64","g__"
"179","SaanichInlet_200m.201","EGJPDJIN","K00860","cysC",0,0,0,0,0,0,0,"k__Archaea (UID2)",90.19,3.74,"d__Archaea","p__Crenarchaeota","c__Bathyarchaeia","o__TCS64","f__TCS64","g__"
"180","SaanichInlet_200m.201","EGJPDJIN","K00266","gltD",1.50051,0,0.894974,0,0,0.275928,2.671412,"k__Archaea (UID2)",90.19,3.74,"d__Archaea","p__Crenarchaeota","c__Bathyarchaeia","o__TCS64","f__TCS64","g__"
"181","SaanichInlet_200m.201","EGJPDJIN","K17993","hydA",4.84234,0,3.24453,0,0,0.744743,8.831613,"k__Archaea (UID2)",90.19,3.74,"d__Archaea","p__Crenarchaeota","c__Bathyarchaeia","o__TCS64","f__TCS64","g__"
"182","SaanichInlet_200m.201","EGJPDJIN","K01739","metB",0,0,0.0407485,0,0,0,0.0407485,"k__Archaea (UID2)",90.19,3.74,"d__Archaea","p__Crenarchaeota","c__Bathyarchaeia","o__TCS64","f__TCS64","g__"
"183","SaanichInlet_200m.201","EGJPDJIN","K17994","hydD",5.11456,0,4.73147,0,0,0.725537,10.571567,"k__Archaea (UID2)",90.19,3.74,"d__Archaea","p__Crenarchaeota","c__Bathyarchaeia","o__TCS64","f__TCS64","g__"
"184","SaanichInlet_200m.201","EGJPDJIN","K17995","hydG",3.19453,0,3.45687,0,0,0.587439,7.238839,"k__Archaea (UID2)",90.19,3.74,"d__Archaea","p__Crenarchaeota","c__Bathyarchaeia","o__TCS64","f__TCS64","g__"
"185","SaanichInlet_200m.211","LCKHLHLC","K17725","ETHE1",0,0,1.68738,0.489383,0,0.29133,2.468093,"k__Bacteria (UID3187)",84.45,9.55,"d__Bacteria","p__SAR324","c__SAR324","o__XYD2-FULL-50-16","f__XYD2-FULL-50-16","g__"
"186","SaanichInlet_200m.211","LCKHLHLC","K00265","gltB",0.580317,0,0.037085,0.215112,0.148812,0.0746997,1.0560257,"k__Bacteria (UID3187)",84.45,9.55,"d__Bacteria","p__SAR324","c__SAR324","o__XYD2-FULL-50-16","f__XYD2-FULL-50-16","g__"
"187","SaanichInlet_200m.211","LCKHLHLC","K07308","dmsC",0,0,0,0,0,0,0,"k__Bacteria (UID3187)",84.45,9.55,"d__Bacteria","p__SAR324","c__SAR324","o__XYD2-FULL-50-16","f__XYD2-FULL-50-16","g__"
"188","SaanichInlet_200m.211","LCKHLHLC","K01738","cysK",0,0,0.0518019,0.225358,0.335785,0,0.6129449,"k__Bacteria (UID3187)",84.45,9.55,"d__Bacteria","p__SAR324","c__SAR324","o__XYD2-FULL-50-16","f__XYD2-FULL-50-16","g__"
"189","SaanichInlet_200m.211","LCKHLHLC","K10831","tauB",0.43246,0,0.22109,0.10687,0,0.190859,0.951279,"k__Bacteria (UID3187)",84.45,9.55,"d__Bacteria","p__SAR324","c__SAR324","o__XYD2-FULL-50-16","f__XYD2-FULL-50-16","g__"
"190","SaanichInlet_200m.211","LCKHLHLC","K00266","gltD",0,0,0,0,0,0,0,"k__Bacteria (UID3187)",84.45,9.55,"d__Bacteria","p__SAR324","c__SAR324","o__XYD2-FULL-50-16","f__XYD2-FULL-50-16","g__"
"191","SaanichInlet_200m.211","LCKHLHLC","K00392","sir",0.717653,0,0.168159,0.332525,0,0.0791811,1.2975181,"k__Bacteria (UID3187)",84.45,9.55,"d__Bacteria","p__SAR324","c__SAR324","o__XYD2-FULL-50-16","f__XYD2-FULL-50-16","g__"
"192","SaanichInlet_200m.211","LCKHLHLC","K00958","sat",1.33943,0,1.29345,0.744751,3.55803,6.56817,13.503831,"k__Bacteria (UID3187)",84.45,9.55,"d__Bacteria","p__SAR324","c__SAR324","o__XYD2-FULL-50-16","f__XYD2-FULL-50-16","g__"
"193","SaanichInlet_200m.211","LCKHLHLC","K05601","hcp",0,0,0.753785,0.300063,0,0.0255182,1.0793662,"k__Bacteria (UID3187)",84.45,9.55,"d__Bacteria","p__SAR324","c__SAR324","o__XYD2-FULL-50-16","f__XYD2-FULL-50-16","g__"
"194","SaanichInlet_200m.211","LCKHLHLC","K15555","ssuB",0,0,0.372093,0,0,0,0.372093,"k__Bacteria (UID3187)",84.45,9.55,"d__Bacteria","p__SAR324","c__SAR324","o__XYD2-FULL-50-16","f__XYD2-FULL-50-16","g__"
"195","SaanichInlet_200m.211","LCKHLHLC","K00640","cysE",0,0,0.179791,0,0,0.0517356,0.2315266,"k__Bacteria (UID3187)",84.45,9.55,"d__Bacteria","p__SAR324","c__SAR324","o__XYD2-FULL-50-16","f__XYD2-FULL-50-16","g__"
"196","SaanichInlet_200m.211","LCKHLHLC","K01738","cysK",0,0,0,0.300478,0.335785,0,0.636263,"k__Bacteria (UID3187)",84.45,9.55,"d__Bacteria","p__SAR324","c__SAR324","o__XYD2-FULL-50-16","f__XYD2-FULL-50-16","g__"
"197","SaanichInlet_200m.211","LCKHLHLC","K00266","gltD",1.2997,0,0.676763,0.0981393,1.04828,0.833848,3.9567303,"k__Bacteria (UID3187)",84.45,9.55,"d__Bacteria","p__SAR324","c__SAR324","o__XYD2-FULL-50-16","f__XYD2-FULL-50-16","g__"
"198","SaanichInlet_200m.211","LCKHLHLC","K17218","sqr",0,0,0,1.3026,0,0,1.3026,"k__Bacteria (UID3187)",84.45,9.55,"d__Bacteria","p__SAR324","c__SAR324","o__XYD2-FULL-50-16","f__XYD2-FULL-50-16","g__"
"199","SaanichInlet_200m.211","LCKHLHLC","K00262","E1",0,0,0,0,0,0,0,"k__Bacteria (UID3187)",84.45,9.55,"d__Bacteria","p__SAR324","c__SAR324","o__XYD2-FULL-50-16","f__XYD2-FULL-50-16","g__"
"200","SaanichInlet_200m.212","JDADKKIG","K01011","TST",0,0,0,0.161729,0,0,0.161729,"c__Alphaproteobacteria (UID3305)",60.9,0.65,"d__Bacteria","p__Proteobacteria","c__Alphaproteobacteria","o__UBA6615","f__UBA6615","g__"
"201","SaanichInlet_200m.212","JDADKKIG","K03119","tauD",0,0,0,0.0725426,0,0,0.0725426,"c__Alphaproteobacteria (UID3305)",60.9,0.65,"d__Bacteria","p__Proteobacteria","c__Alphaproteobacteria","o__UBA6615","f__UBA6615","g__"
"202","SaanichInlet_200m.212","JDADKKIG","K17725","ETHE1",0,0,0.0698124,0.0337456,0,0.120533,0.224091,"c__Alphaproteobacteria (UID3305)",60.9,0.65,"d__Bacteria","p__Proteobacteria","c__Alphaproteobacteria","o__UBA6615","f__UBA6615","g__"
"203","SaanichInlet_200m.212","JDADKKIG","K21308","soeB",0,0,0,0,0,0,0,"c__Alphaproteobacteria (UID3305)",60.9,0.65,"d__Bacteria","p__Proteobacteria","c__Alphaproteobacteria","o__UBA6615","f__UBA6615","g__"
"204","SaanichInlet_200m.212","JDADKKIG","K00641","metX",0,0,0,0,0,0,0,"c__Alphaproteobacteria (UID3305)",60.9,0.65,"d__Bacteria","p__Proteobacteria","c__Alphaproteobacteria","o__UBA6615","f__UBA6615","g__"
"205","SaanichInlet_200m.212","JDADKKIG","K01082","cysQ",0,0,0,0.361118,0,0,0.361118,"c__Alphaproteobacteria (UID3305)",60.9,0.65,"d__Bacteria","p__Proteobacteria","c__Alphaproteobacteria","o__UBA6615","f__UBA6615","g__"
"206","SaanichInlet_200m.212","JDADKKIG","K01738","cysK",0,0,0,0.285715,0,0,0.285715,"c__Alphaproteobacteria (UID3305)",60.9,0.65,"d__Bacteria","p__Proteobacteria","c__Alphaproteobacteria","o__UBA6615","f__UBA6615","g__"
"207","SaanichInlet_200m.212","JDADKKIG","K21307","soeA",0,0,0,0,0,0,0,"c__Alphaproteobacteria (UID3305)",60.9,0.65,"d__Bacteria","p__Proteobacteria","c__Alphaproteobacteria","o__UBA6615","f__UBA6615","g__"
"208","SaanichInlet_200m.212","JDADKKIG","K03119","tauD",0,0,0,0.0797554,0,0,0.0797554,"c__Alphaproteobacteria (UID3305)",60.9,0.65,"d__Bacteria","p__Proteobacteria","c__Alphaproteobacteria","o__UBA6615","f__UBA6615","g__"
"209","SaanichInlet_200m.212","JDADKKIG","K21309","soeC",0,0,0,0.221075,0,0,0.221075,"c__Alphaproteobacteria (UID3305)",60.9,0.65,"d__Bacteria","p__Proteobacteria","c__Alphaproteobacteria","o__UBA6615","f__UBA6615","g__"
"210","SaanichInlet_200m.220","BDAMPHJO","K01738","cysK",0,0,0,0,0,0,0,"k__Archaea (UID2)",73.36,0,"d__Archaea","p__Nanoarchaeota","c__Woesearchaeia","o__SCGC-AAA011-G17","f__GW2011-AR17","g__"
"211","SaanichInlet_200m.28","DLFEELIK","K00957","cysD",0,0,0,0.276016,0,0,0.276016,"c__Gammaproteobacteria (UID4443)",68.25,3.57,"d__Bacteria","p__Proteobacteria","c__Gammaproteobacteria","o__Pseudomonadales","f__HTCC2089","g__"
"212","SaanichInlet_200m.28","DLFEELIK","K00459","ncd2",0,0,0,0.0725426,0,0.259108,0.3316506,"c__Gammaproteobacteria (UID4443)",68.25,3.57,"d__Bacteria","p__Proteobacteria","c__Gammaproteobacteria","o__Pseudomonadales","f__HTCC2089","g__"
"213","SaanichInlet_200m.28","DLFEELIK","K03119","tauD",0,0,0,0,0,0,0,"c__Gammaproteobacteria (UID4443)",68.25,3.57,"d__Bacteria","p__Proteobacteria","c__Gammaproteobacteria","o__Pseudomonadales","f__HTCC2089","g__"
"214","SaanichInlet_200m.28","DLFEELIK","K01915","glnA",0,0,0.136329,2.27348,1.1993,0.0882656,3.6973746,"c__Gammaproteobacteria (UID4443)",68.25,3.57,"d__Bacteria","p__Proteobacteria","c__Gammaproteobacteria","o__Pseudomonadales","f__HTCC2089","g__"
"215","SaanichInlet_200m.28","DLFEELIK","K00366","nirA",0,0,0,0,1.72018,0.0250565,1.7452365,"c__Gammaproteobacteria (UID4443)",68.25,3.57,"d__Bacteria","p__Proteobacteria","c__Gammaproteobacteria","o__Pseudomonadales","f__HTCC2089","g__"
"216","SaanichInlet_200m.28","DLFEELIK","K01011","TST",0,0,0,0,0,0,0,"c__Gammaproteobacteria (UID4443)",68.25,3.57,"d__Bacteria","p__Proteobacteria","c__Gammaproteobacteria","o__Pseudomonadales","f__HTCC2089","g__"
"217","SaanichInlet_200m.28","DLFEELIK","K00390","cysH",0,0,0,0,0,0,0,"c__Gammaproteobacteria (UID4443)",68.25,3.57,"d__Bacteria","p__Proteobacteria","c__Gammaproteobacteria","o__Pseudomonadales","f__HTCC2089","g__"
"218","SaanichInlet_200m.28","DLFEELIK","K01011","TST",0,0,0,0.34893,0,0,0.34893,"c__Gammaproteobacteria (UID4443)",68.25,3.57,"d__Bacteria","p__Proteobacteria","c__Gammaproteobacteria","o__Pseudomonadales","f__HTCC2089","g__"
"219","SaanichInlet_200m.28","DLFEELIK","K00266","gltD",0,0,0,0.143988,2.39061,0,2.534598,"c__Gammaproteobacteria (UID4443)",68.25,3.57,"d__Bacteria","p__Proteobacteria","c__Gammaproteobacteria","o__Pseudomonadales","f__HTCC2089","g__"
"220","SaanichInlet_200m.28","DLFEELIK","K00387","SUOX",0,0,0,0.112196,0,0,0.112196,"c__Gammaproteobacteria (UID4443)",68.25,3.57,"d__Bacteria","p__Proteobacteria","c__Gammaproteobacteria","o__Pseudomonadales","f__HTCC2089","g__"
"221","SaanichInlet_200m.28","DLFEELIK","K03119","tauD",0,0,0.175209,0.338767,0,0.151251,0.665227,"c__Gammaproteobacteria (UID4443)",68.25,3.57,"d__Bacteria","p__Proteobacteria","c__Gammaproteobacteria","o__Pseudomonadales","f__HTCC2089","g__"
"222","SaanichInlet_200m.28","DLFEELIK","K00651","metA",0,0,0,0.452177,1.63624,0,2.088417,"c__Gammaproteobacteria (UID4443)",68.25,3.57,"d__Bacteria","p__Proteobacteria","c__Gammaproteobacteria","o__Pseudomonadales","f__HTCC2089","g__"
"223","SaanichInlet_200m.28","DLFEELIK","K00640","cysE",0,0,0,0.0831776,0,0,0.0831776,"c__Gammaproteobacteria (UID4443)",68.25,3.57,"d__Bacteria","p__Proteobacteria","c__Gammaproteobacteria","o__Pseudomonadales","f__HTCC2089","g__"
"224","SaanichInlet_200m.36","CGJFHDOK","K00368","nirK",0,0,0,0,0,0.286904,0.286904,"k__Bacteria (UID2569)",81.63,0,"d__Bacteria","p__Bacteroidota","c__Bacteroidia","o__Flavobacteriales","f__Cryomorphaceae","g__"
"225","SaanichInlet_200m.36","CGJFHDOK","K00262","E1",0,0,0,0.360518,0.263105,0,0.623623,"k__Bacteria (UID2569)",81.63,0,"d__Bacteria","p__Bacteroidota","c__Bacteroidia","o__Flavobacteriales","f__Cryomorphaceae","g__"
"226","SaanichInlet_200m.36","CGJFHDOK","K01915","glnA",0,0,0.275183,0.526747,1.95704,0.0760177,2.8349877,"k__Bacteria (UID2569)",81.63,0,"d__Bacteria","p__Bacteroidota","c__Bacteroidia","o__Flavobacteriales","f__Cryomorphaceae","g__"
"227","SaanichInlet_200m.53","MHNAGHFO","K01011","TST",0,0,0.0569515,3.38606,20.9896,0.270403,24.7030145,"k__Archaea (UID2)",66.83,6.31,"d__Archaea","p__Crenarchaeota","c__Nitrososphaeria","o__Nitrososphaerales","f__Nitrosopumilaceae","g__Nitrosopumilus"
"228","SaanichInlet_200m.53","MHNAGHFO","K00366","nirA",0,0,0.053323,2.2231,17.6772,0.218651,20.172274,"k__Archaea (UID2)",66.83,6.31,"d__Archaea","p__Crenarchaeota","c__Nitrososphaeria","o__Nitrososphaerales","f__Nitrosopumilaceae","g__Nitrosopumilus"
"229","SaanichInlet_200m.53","MHNAGHFO","K01915","glnA",0,0,0.230732,3.20251,27.257,0.327228,31.01747,"k__Archaea (UID2)",66.83,6.31,"d__Archaea","p__Crenarchaeota","c__Nitrososphaeria","o__Nitrososphaerales","f__Nitrosopumilaceae","g__Nitrosopumilus"
"230","SaanichInlet_200m.55","LFFHKLPE","K00260","gudB",0,0,0.039157,0,0,0,0.039157,"k__Archaea (UID2)",85.05,1.87,"d__Archaea","p__Nanoarchaeota","c__Woesearchaeia","o__","f__","g__"
"231","SaanichInlet_200m.55","LFFHKLPE","K16950","asrA",0,0,0,0,0,0,0,"k__Archaea (UID2)",85.05,1.87,"d__Archaea","p__Nanoarchaeota","c__Woesearchaeia","o__","f__","g__"
"232","SaanichInlet_200m.55","LFFHKLPE","K16951","asrB",0,0,0,0,0,0,0,"k__Archaea (UID2)",85.05,1.87,"d__Archaea","p__Nanoarchaeota","c__Woesearchaeia","o__","f__","g__"
"233","SaanichInlet_200m.62","OGDMEJJP","K00262","E1",0,0,0,0,0,0,0,"c__Gammaproteobacteria (UID4266)",96.47,7.03,"d__Bacteria","p__Proteobacteria","c__Gammaproteobacteria","o__Berkiellales","f__","g__"
"234","SaanichInlet_200m.62","OGDMEJJP","K00958","sat",0,0,0,0,0,0,0,"c__Gammaproteobacteria (UID4266)",96.47,7.03,"d__Bacteria","p__Proteobacteria","c__Gammaproteobacteria","o__Berkiellales","f__","g__"
"235","SaanichInlet_200m.62","OGDMEJJP","K15759","IMPAD1",0,0,0,0,0,0,0,"c__Gammaproteobacteria (UID4266)",96.47,7.03,"d__Bacteria","p__Proteobacteria","c__Gammaproteobacteria","o__Berkiellales","f__","g__"
"236","SaanichInlet_200m.62","OGDMEJJP","K01674","cah",0,0,0,0,9.67732,0,9.67732,"c__Gammaproteobacteria (UID4266)",96.47,7.03,"d__Bacteria","p__Proteobacteria","c__Gammaproteobacteria","o__Berkiellales","f__","g__"
"237","SaanichInlet_200m.62","OGDMEJJP","K00390","cysH",0,0,0,0.192513,9.34296,0.0573016,9.5927746,"c__Gammaproteobacteria (UID4266)",96.47,7.03,"d__Bacteria","p__Proteobacteria","c__Gammaproteobacteria","o__Berkiellales","f__","g__"
"238","SaanichInlet_200m.62","OGDMEJJP","K01673","cynT",0,0,0,0,0,0,0,"c__Gammaproteobacteria (UID4266)",96.47,7.03,"d__Bacteria","p__Proteobacteria","c__Gammaproteobacteria","o__Berkiellales","f__","g__"
"239","SaanichInlet_200m.62","OGDMEJJP","K01915","glnA",0,0,0,0,0,0,0,"c__Gammaproteobacteria (UID4266)",96.47,7.03,"d__Bacteria","p__Proteobacteria","c__Gammaproteobacteria","o__Berkiellales","f__","g__"
"240","SaanichInlet_200m.62","OGDMEJJP","K01673","cynT",0,0,0,0.36794,0,0,0.36794,"c__Gammaproteobacteria (UID4266)",96.47,7.03,"d__Bacteria","p__Proteobacteria","c__Gammaproteobacteria","o__Berkiellales","f__","g__"
"241","SaanichInlet_200m.62","OGDMEJJP","K15371","GDH2",0,0,0,0.0574488,0.330168,0,0.3876168,"c__Gammaproteobacteria (UID4266)",96.47,7.03,"d__Bacteria","p__Proteobacteria","c__Gammaproteobacteria","o__Berkiellales","f__","g__"
"242","SaanichInlet_200m.63","AHNJCBNO","K17993","hydA",0,0,0,0,0,0,0,"k__Archaea (UID2)",88.79,3.74,"d__Archaea","p__Nanoarchaeota","c__Woesearchaeia","o__","f__","g__"
"243","SaanichInlet_200m.63","AHNJCBNO","K16951","asrB",0,0,0,0,0,0,0,"k__Archaea (UID2)",88.79,3.74,"d__Archaea","p__Nanoarchaeota","c__Woesearchaeia","o__","f__","g__"
"244","SaanichInlet_200m.65","PNJNHPNJ","K15553","ssuA",0,0,0,0,0,0,0,"k__Archaea (UID2)",82.24,3.74,"d__Archaea","p__Nanoarchaeota","c__Woesearchaeia","o__UBA12501","f__","g__"
"245","SaanichInlet_200m.66","CFCGEFGE","K00958","sat",0,0,0.0421647,0.0815257,0,0.0606654,0.1843558,"f__Rhodobacteraceae (UID3356)",69.53,2.22,"d__Bacteria","p__Proteobacteria","c__Alphaproteobacteria","o__Rhodobacterales","f__Rhodobacteraceae","g__Amylibacter"
"246","SaanichInlet_200m.66","CFCGEFGE","K01082","cysQ",0,0,0,0.262682,0,0,0.262682,"f__Rhodobacteraceae (UID3356)",69.53,2.22,"d__Bacteria","p__Proteobacteria","c__Alphaproteobacteria","o__Rhodobacterales","f__Rhodobacteraceae","g__Amylibacter"
"247","SaanichInlet_200m.66","CFCGEFGE","K20035","dmdC",0,0,0,0.863493,0,0,0.863493,"f__Rhodobacteraceae (UID3356)",69.53,2.22,"d__Bacteria","p__Proteobacteria","c__Alphaproteobacteria","o__Rhodobacterales","f__Rhodobacteraceae","g__Amylibacter"
"248","SaanichInlet_200m.66","CFCGEFGE","K01915","glnA",0,0,0,0,0,0.121829,0.121829,"f__Rhodobacteraceae (UID3356)",69.53,2.22,"d__Bacteria","p__Proteobacteria","c__Alphaproteobacteria","o__Rhodobacterales","f__Rhodobacteraceae","g__Amylibacter"
"249","SaanichInlet_200m.66","CFCGEFGE","K00261","GLUD1",0,0,0.0680198,0.147956,0,0,0.2159758,"f__Rhodobacteraceae (UID3356)",69.53,2.22,"d__Bacteria","p__Proteobacteria","c__Alphaproteobacteria","o__Rhodobacterales","f__Rhodobacteraceae","g__Amylibacter"
"250","SaanichInlet_200m.66","CFCGEFGE","K00266","gltD",0,0,0.234588,1.11774,2.04818,0.231441,3.631949,"f__Rhodobacteraceae (UID3356)",69.53,2.22,"d__Bacteria","p__Proteobacteria","c__Alphaproteobacteria","o__Rhodobacterales","f__Rhodobacteraceae","g__Amylibacter"
"251","SaanichInlet_200m.66","CFCGEFGE","K01915","glnA",0,0,0.0724759,0.394123,0.872477,0.375395,1.7144709,"f__Rhodobacteraceae (UID3356)",69.53,2.22,"d__Bacteria","p__Proteobacteria","c__Alphaproteobacteria","o__Rhodobacterales","f__Rhodobacteraceae","g__Amylibacter"
"252","SaanichInlet_200m.66","CFCGEFGE","K01915","glnA",0,0,0,0,0,0.0301916,0.0301916,"f__Rhodobacteraceae (UID3356)",69.53,2.22,"d__Bacteria","p__Proteobacteria","c__Alphaproteobacteria","o__Rhodobacterales","f__Rhodobacteraceae","g__Amylibacter"
"253","SaanichInlet_200m.66","CFCGEFGE","K01738","cysK",0,0,0.116354,0.269965,0,0.0803553,0.4666743,"f__Rhodobacteraceae (UID3356)",69.53,2.22,"d__Bacteria","p__Proteobacteria","c__Alphaproteobacteria","o__Rhodobacterales","f__Rhodobacteraceae","g__Amylibacter"
"254","SaanichInlet_200m.66","CFCGEFGE","K17224","soxB",0,0,0,0.12447,0,0.160543,0.285013,"f__Rhodobacteraceae (UID3356)",69.53,2.22,"d__Bacteria","p__Proteobacteria","c__Alphaproteobacteria","o__Rhodobacterales","f__Rhodobacteraceae","g__Amylibacter"
"255","SaanichInlet_200m.66","CFCGEFGE","K04091","ssuD",0,0,0,0.0604731,0,0,0.0604731,"f__Rhodobacteraceae (UID3356)",69.53,2.22,"d__Bacteria","p__Proteobacteria","c__Alphaproteobacteria","o__Rhodobacterales","f__Rhodobacteraceae","g__Amylibacter"
"256","SaanichInlet_200m.66","CFCGEFGE","K17222","soxA",0,0,0.0569515,0.578109,0,1.10619,1.7412505,"f__Rhodobacteraceae (UID3356)",69.53,2.22,"d__Bacteria","p__Proteobacteria","c__Alphaproteobacteria","o__Rhodobacterales","f__Rhodobacteraceae","g__Amylibacter"
"257","SaanichInlet_200m.66","CFCGEFGE","K00381","cysI",0,0,0,0,0,0,0,"f__Rhodobacteraceae (UID3356)",69.53,2.22,"d__Bacteria","p__Proteobacteria","c__Alphaproteobacteria","o__Rhodobacterales","f__Rhodobacteraceae","g__Amylibacter"
"258","SaanichInlet_200m.66","CFCGEFGE","K01011","TST",0,0,0,0.0426565,0,0.0507869,0.0934434,"f__Rhodobacteraceae (UID3356)",69.53,2.22,"d__Bacteria","p__Proteobacteria","c__Alphaproteobacteria","o__Rhodobacterales","f__Rhodobacteraceae","g__Amylibacter"
"259","SaanichInlet_200m.79","LPLPOJDM","K00260","gudB",0,0,0,0,0,0,0,"k__Bacteria (UID1452)",67.49,0.99,"d__Bacteria","p__Patescibacteria","c__Gracilibacteria","o__Peregrinibacterales","f__","g__"
"260","SaanichInlet_200m.79","LPLPOJDM","K01915","glnA",0,0,0,0,0,0,0,"k__Bacteria (UID1452)",67.49,0.99,"d__Bacteria","p__Patescibacteria","c__Gracilibacteria","o__Peregrinibacterales","f__","g__"
"261","SaanichInlet_200m.9","OHLEEOKF","K01739","metB",0,0,0,0,0,0,0,"c__Gammaproteobacteria (UID4266)",78.94,1.45,"d__Bacteria","p__Proteobacteria","c__Gammaproteobacteria","o__UBA7916","f__","g__"
"262","SaanichInlet_200m.91","KLCPMGOE","K17218","sqr",0,0,0,0,0,0.100671,0.100671,"k__Bacteria (UID2569)",91.76,1.88,"d__Bacteria","p__Bacteroidota","c__Bacteroidia","o__Bacteroidales","f__","g__"
"263","SaanichInlet_200m.91","KLCPMGOE","K00926","arcC",0,0,0.305873,0,0,0.132024,0.437897,"k__Bacteria (UID2569)",91.76,1.88,"d__Bacteria","p__Bacteroidota","c__Bacteroidia","o__Bacteroidales","f__","g__"
"264","SaanichInlet_200m.91","KLCPMGOE","K01673","cynT",0,0,0.0765088,0,0,0,0.0765088,"k__Bacteria (UID2569)",91.76,1.88,"d__Bacteria","p__Bacteroidota","c__Bacteroidia","o__Bacteroidales","f__","g__"
"265","SaanichInlet_200m.91","KLCPMGOE","K08354","phsC",0,0,1.09729,0.113658,0,0.0676607,1.2786087,"k__Bacteria (UID2569)",91.76,1.88,"d__Bacteria","p__Bacteroidota","c__Bacteroidia","o__Bacteroidales","f__","g__"
"266","SaanichInlet_200m.91","KLCPMGOE","K00860","cysC",0,0,0.197878,0,0,0.273314,0.471192,"k__Bacteria (UID2569)",91.76,1.88,"d__Bacteria","p__Bacteroidota","c__Bacteroidia","o__Bacteroidales","f__","g__"
"267","SaanichInlet_200m.91","KLCPMGOE","K00957","cysD",0,0,0.212703,0,0,0.0918093,0.3045123,"k__Bacteria (UID2569)",91.76,1.88,"d__Bacteria","p__Bacteroidota","c__Bacteroidia","o__Bacteroidales","f__","g__"
"268","SaanichInlet_200m.91","KLCPMGOE","K00381","cysI",0,0,0.285713,0.162125,0,0.268093,0.715931,"k__Bacteria (UID2569)",91.76,1.88,"d__Bacteria","p__Bacteroidota","c__Bacteroidia","o__Bacteroidales","f__","g__"
"269","SaanichInlet_200m.91","KLCPMGOE","K00262","E1",0,0,1.31084,1.19782,3.12609,1.75166,7.38641,"k__Bacteria (UID2569)",91.76,1.88,"d__Bacteria","p__Bacteroidota","c__Bacteroidia","o__Bacteroidales","f__","g__"
"270","SaanichInlet_200m.91","KLCPMGOE","K00390","cysH",0,0,0.17017,0,0,0.910788,1.080958,"k__Bacteria (UID2569)",91.76,1.88,"d__Bacteria","p__Bacteroidota","c__Bacteroidia","o__Bacteroidales","f__","g__"
"271","SaanichInlet_200m.91","KLCPMGOE","K06881","nrnA",0,0,0.28336,0,0,0.0407691,0.3241291,"k__Bacteria (UID2569)",91.76,1.88,"d__Bacteria","p__Bacteroidota","c__Bacteroidia","o__Bacteroidales","f__","g__"
"272","SaanichInlet_200m.91","KLCPMGOE","K01915","glnA",0,0,0.0219845,0.0318803,0,0.227741,0.2816058,"k__Bacteria (UID2569)",91.76,1.88,"d__Bacteria","p__Bacteroidota","c__Bacteroidia","o__Bacteroidales","f__","g__"
"273","SaanichInlet_200m.91","KLCPMGOE","K05601","hcp",0,0,0,0,0,0,0,"k__Bacteria (UID2569)",91.76,1.88,"d__Bacteria","p__Bacteroidota","c__Bacteroidia","o__Bacteroidales","f__","g__"
"274","SaanichInlet_200m.91","KLCPMGOE","K03385","nrfA",0,0,1.55343,0.539703,0.299687,0.907982,3.300802,"k__Bacteria (UID2569)",91.76,1.88,"d__Bacteria","p__Bacteroidota","c__Bacteroidia","o__Bacteroidales","f__","g__"
"275","SaanichInlet_200m.91","KLCPMGOE","K00266","gltD",0.316588,0,0.202315,0,0,0.0582171,0.5771201,"k__Bacteria (UID2569)",91.76,1.88,"d__Bacteria","p__Bacteroidota","c__Bacteroidia","o__Bacteroidales","f__","g__"
"276","SaanichInlet_200m.91","KLCPMGOE","K01082","cysQ",0,0,0,0.127038,0,0.100834,0.227872,"k__Bacteria (UID2569)",91.76,1.88,"d__Bacteria","p__Bacteroidota","c__Bacteroidia","o__Bacteroidales","f__","g__"
"277","SaanichInlet_200m.91","KLCPMGOE","K01915","glnA",0.798294,0,0.357104,0.39455,0,1.58541,3.135358,"k__Bacteria (UID2569)",91.76,1.88,"d__Bacteria","p__Bacteroidota","c__Bacteroidia","o__Bacteroidales","f__","g__"
"278","SaanichInlet_200m.91","KLCPMGOE","K08352","phsA",0,0,0.0214839,0,0,0.0927315,0.1142154,"k__Bacteria (UID2569)",91.76,1.88,"d__Bacteria","p__Bacteroidota","c__Bacteroidia","o__Bacteroidales","f__","g__"
"279","SaanichInlet_200m.97","EFFACNBE","K00381","cysI",0,0,0,0.105417,0.915503,0.0627548,1.0836748,"c__Alphaproteobacteria (UID3305)",78.34,5.45,"d__Bacteria","p__Proteobacteria","c__Alphaproteobacteria","o__Sneathiellales","f__","g__"
"280","SaanichInlet_200m.97","EFFACNBE","K00459","ncd2",0,0,0.0293082,0,0,0,0.0293082,"c__Alphaproteobacteria (UID3305)",78.34,5.45,"d__Bacteria","p__Proteobacteria","c__Alphaproteobacteria","o__Sneathiellales","f__","g__"
"281","SaanichInlet_200m.97","EFFACNBE","K03119","tauD",0,0,0,0,0,0,0,"c__Alphaproteobacteria (UID3305)",78.34,5.45,"d__Bacteria","p__Proteobacteria","c__Alphaproteobacteria","o__Sneathiellales","f__","g__"
"282","SaanichInlet_200m.97","EFFACNBE","K00641","metX",0,0,0.0796755,0.231079,1.69695,0,2.0077045,"c__Alphaproteobacteria (UID3305)",78.34,5.45,"d__Bacteria","p__Proteobacteria","c__Alphaproteobacteria","o__Sneathiellales","f__","g__"
"283","SaanichInlet_200m.97","EFFACNBE","K01082","cysQ",0,0,0,0.0902794,0,0,0.0902794,"c__Alphaproteobacteria (UID3305)",78.34,5.45,"d__Bacteria","p__Proteobacteria","c__Alphaproteobacteria","o__Sneathiellales","f__","g__"
"284","SaanichInlet_200m.97","EFFACNBE","K00955","cysNC",0,0,0.162497,0.0362525,0.555596,0,0.7543455,"c__Alphaproteobacteria (UID3305)",78.34,5.45,"d__Bacteria","p__Proteobacteria","c__Alphaproteobacteria","o__Sneathiellales","f__","g__"
"285","SaanichInlet_200m.97","EFFACNBE","K15864","nirS",0.806386,0,2.54224,3.0489,0,3.03689,9.434416,"c__Alphaproteobacteria (UID3305)",78.34,5.45,"d__Bacteria","p__Proteobacteria","c__Alphaproteobacteria","o__Sneathiellales","f__","g__"
"286","SaanichInlet_200m.97","EFFACNBE","K15371","GDH2",0,0,0.0889173,0.107451,0,0.0682302,0.2645985,"c__Alphaproteobacteria (UID3305)",78.34,5.45,"d__Bacteria","p__Proteobacteria","c__Alphaproteobacteria","o__Sneathiellales","f__","g__"
"287","SaanichInlet_200m.97","EFFACNBE","K01673","cynT",0,0,0,0.0541817,0,0,0.0541817,"c__Alphaproteobacteria (UID3305)",78.34,5.45,"d__Bacteria","p__Proteobacteria","c__Alphaproteobacteria","o__Sneathiellales","f__","g__"
"288","SaanichInlet_200m.97","EFFACNBE","K01915","glnA",0.60127,0,0.512321,2.67455,5.37671,0.501237,9.666088,"c__Alphaproteobacteria (UID3305)",78.34,5.45,"d__Bacteria","p__Proteobacteria","c__Alphaproteobacteria","o__Sneathiellales","f__","g__"
"289","SaanichInlet_200m.97","EFFACNBE","K01455","E3",0,0,0,0.370807,2.32052,0.110371,2.801698,"c__Alphaproteobacteria (UID3305)",78.34,5.45,"d__Bacteria","p__Proteobacteria","c__Alphaproteobacteria","o__Sneathiellales","f__","g__"
"290","SaanichInlet_200m.97","EFFACNBE","K21308","soeB",0,0,0,0,0,0,0,"c__Alphaproteobacteria (UID3305)",78.34,5.45,"d__Bacteria","p__Proteobacteria","c__Alphaproteobacteria","o__Sneathiellales","f__","g__"
"291","SaanichInlet_200m.97","EFFACNBE","K00957","cysD",0,0,0.0533526,0.232104,0,0,0.2854566,"c__Alphaproteobacteria (UID3305)",78.34,5.45,"d__Bacteria","p__Proteobacteria","c__Alphaproteobacteria","o__Sneathiellales","f__","g__"
"292","SaanichInlet_200m.97","EFFACNBE","K00459","ncd2",0,0,0,0.357144,0,0.170087,0.527231,"c__Alphaproteobacteria (UID3305)",78.34,5.45,"d__Bacteria","p__Proteobacteria","c__Alphaproteobacteria","o__Sneathiellales","f__","g__"
"293","SaanichInlet_200m.97","EFFACNBE","K01738","cysK",0.565925,0,0.216992,1.43348,0,0,2.216397,"c__Alphaproteobacteria (UID3305)",78.34,5.45,"d__Bacteria","p__Proteobacteria","c__Alphaproteobacteria","o__Sneathiellales","f__","g__"
"294","SaanichInlet_200m.97","EFFACNBE","K21309","soeC",0,0,0.0508173,0.221075,0,0.0438687,0.315761,"c__Alphaproteobacteria (UID3305)",78.34,5.45,"d__Bacteria","p__Proteobacteria","c__Alphaproteobacteria","o__Sneathiellales","f__","g__"
"295","SaanichInlet_200m.98","AEAGFIPF","K01082","cysQ",0,0,0,0,0,0,0,"k__Bacteria (UID2495)",60.23,1.1,"d__Bacteria","p__Gemmatimonadota","c__Gemmatimonadetes","o__SG8-23","f__UBA6960","g__"
"296","SaanichInlet_200m.98","AEAGFIPF","K10534","NR",0,0,0,0.110334,0,0,0.110334,"k__Bacteria (UID2495)",60.23,1.1,"d__Bacteria","p__Gemmatimonadota","c__Gemmatimonadetes","o__SG8-23","f__UBA6960","g__"
"297","SaanichInlet_200m.98","AEAGFIPF","K00262","E1",0.206581,0,0.0704082,0.484979,1.10838,0.136757,2.0071052,"k__Bacteria (UID2495)",60.23,1.1,"d__Bacteria","p__Gemmatimonadota","c__Gemmatimonadetes","o__SG8-23","f__UBA6960","g__"
"298","SaanichInlet_200m.98","AEAGFIPF","K03119","tauD",0,0,0,0,0,0,0,"k__Bacteria (UID2495)",60.23,1.1,"d__Bacteria","p__Gemmatimonadota","c__Gemmatimonadetes","o__SG8-23","f__UBA6960","g__"
"299","SaanichInlet_200m.98","AEAGFIPF","K08358","ttrB",0,0,0,0.0456416,0,0,0.0456416,"k__Bacteria (UID2495)",60.23,1.1,"d__Bacteria","p__Gemmatimonadota","c__Gemmatimonadetes","o__SG8-23","f__UBA6960","g__"
"300","SaanichInlet_200m.98","AEAGFIPF","K01501","E3",0,0,0.0509788,0.147852,0,0,0.1988308,"k__Bacteria (UID2495)",60.23,1.1,"d__Bacteria","p__Gemmatimonadota","c__Gemmatimonadetes","o__SG8-23","f__UBA6960","g__"
